"Subject","Session"
"T005","RestingBaseline"
"T005","BaselineWriting"
"T005","StressCondition"
"T005","DualTask"
"T005","Presentation"
"T009","RestingBaseline"
"T009","BaselineWriting"
"T009","StressCondition"
"T009","DualTask"
"T009","Presentation"
"T031","Presentation"
"T108","RestingBaseline"
"T108","BaselineWriting"
"T108","StressCondition"
"T108","DualTask"
"T108","Presentation"
"T126","RestingBaseline"
"T126","BaselineWriting"
"T126","StressCondition"
"T126","DualTask"
"T126","Presentation"
"T128","StressCondition"
"T128","Presentation"
"T130","RestingBaseline"
"T130","BaselineWriting"
"T130","StressCondition"
"T130","DualTask"
"T130","Presentation"
"T136","Presentation"
"T154","Presentation"
"T160","Presentation"
"T173","Presentation"
"T176","Presentation"
"T178","RestingBaseline"
"T178","BaselineWriting"
"T178","StressCondition"
"T178","DualTask"
"T178","Presentation"
