"Subject","Error"
"T011",""
"T017","Excel File Unavailable"
"T033","Excel File Unavailable"
"T035",""
"T037","Excel File Unavailable"
"T039","Excel File Unavailable"
"T049","Excel File Unavailable"
"T062","No data at Session Marker File"
"T076","Session Marker File Unavailable"
"T081","Excel File Unavailable"
"T082","Excel File Unavailable"
"T094","Session Marker File Unavailable"
"T095","Excel File Unavailable"
"T107",""
"T109","Session Marker File Unavailable"
"T110","Excel File Unavailable"
"T111","Excel File Unavailable"
"T127","Session Marker File Unavailable"
"T142","Excel File Unavailable"
"T146","Session Marker File Unavailable"
"T148","Excel File Unavailable"
"T155","Session Marker File Unavailable"
"T158","Session Marker File Unavailable"
"T167","Session Marker File Unavailable"
"T168","Excel File Unavailable"
"T169","Excel File Unavailable"
"T170","Excel File Unavailable"
